{
  "project" : {
    "id" : "shahmaty-3966418-zbe",
    "name" : "shahmaty-3966418-zbe",
    "folder" : "/jaicp"
  },
  "settings" : {
    "language" : "ru",
    "spellingCorrection" : false,
    "classificationAlgorithm" : "sts",
    "timezone" : "UTC",
    "businessShared" : false,
    "business" : false
  },
  "intents" : [ {
    "id" : 806981,
    "path" : "/ moves",
    "enabled" : true,
    "businessShared" : false,
    "business" : false,
    "phrases" : [ {
      "text" : "a"
    }, {
      "text" : "b"
    }, {
      "text" : "c"
    }, {
      "text" : "d"
    }, {
      "text" : "e"
    }, {
      "text" : "f"
    }, {
      "text" : "g"
    }, {
      "text" : "h"
    }, {
      "text" : "1"
    }, {
      "text" : "2"
    }, {
      "text" : "3"
    }, {
      "text" : "4"
    }, {
      "text" : "5"
    }, {
      "text" : "6"
    }, {
      "text" : "7"
    }, {
      "text" : "8"
    }, {
      "text" : "a1"
    }, {
      "text" : "a2"
    }, {
      "text" : "a3"
    }, {
      "text" : "a4"
    }, {
      "text" : "a5"
    }, {
      "text" : "a6"
    }, {
      "text" : "a7"
    }, {
      "text" : "a8"
    }, {
      "text" : "b1"
    }, {
      "text" : "b2"
    }, {
      "text" : "b3"
    }, {
      "text" : "b4"
    }, {
      "text" : "b5"
    }, {
      "text" : "b6"
    }, {
      "text" : "b7"
    }, {
      "text" : "b8"
    }, {
      "text" : "c1"
    }, {
      "text" : "c2"
    }, {
      "text" : "c3"
    }, {
      "text" : "c4"
    }, {
      "text" : "c5"
    }, {
      "text" : "c6"
    }, {
      "text" : "c7"
    }, {
      "text" : "c8"
    }, {
      "text" : "d1"
    }, {
      "text" : "d2"
    }, {
      "text" : "d3"
    }, {
      "text" : "d4"
    }, {
      "text" : "d5"
    }, {
      "text" : "d6"
    }, {
      "text" : "d7"
    }, {
      "text" : "d8"
    }, {
      "text" : "e1"
    }, {
      "text" : "e2"
    }, {
      "text" : "e3"
    }, {
      "text" : "e4"
    }, {
      "text" : "e5"
    }, {
      "text" : "e6"
    }, {
      "text" : "e7"
    }, {
      "text" : "e8"
    }, {
      "text" : "f1"
    }, {
      "text" : "f2"
    }, {
      "text" : "f3"
    }, {
      "text" : "f4"
    }, {
      "text" : "f5"
    }, {
      "text" : "f6"
    }, {
      "text" : "f7"
    }, {
      "text" : "f8"
    }, {
      "text" : "g1"
    }, {
      "text" : "g2"
    }, {
      "text" : "g3"
    }, {
      "text" : "g4"
    }, {
      "text" : "g5"
    }, {
      "text" : "g6"
    }, {
      "text" : "g7"
    }, {
      "text" : "g8"
    }, {
      "text" : "h1"
    }, {
      "text" : "h2"
    }, {
      "text" : "h3"
    }, {
      "text" : "h4"
    }, {
      "text" : "h5"
    }, {
      "text" : "h6"
    }, {
      "text" : "h7"
    }, {
      "text" : "h8"
    } ],
    "patterns" : [ ],
    "slots" : [ ]
  } ],
  "entities" : [ ],
  "enabledSystemEntities" : [ "duckling.number", "duckling.time", "duckling.duration", "duckling.phone-number", "duckling.email", "duckling.url" ]
}