{
  "project" : {
    "id" : "shahmaty-3966418-zbe",
    "name" : "shahmaty-3966418-zbe",
    "folder" : "/jaicp"
  },
  "settings" : {
    "language" : "ru",
    "spellingCorrection" : false,
    "classificationAlgorithm" : "sts",
    "timezone" : "UTC",
    "businessShared" : false,
    "business" : false
  },
  "intents" : [ {
    "id" : 774039,
    "path" : "/Новый интент",
    "enabled" : true,
    "businessShared" : false,
    "business" : false,
    "phrases" : [ ]
  } ],
  "entities" : [ {
    "entity" : {
      "id" : 603938,
      "name" : "Новая_сущность",
      "enabled" : true,
      "type" : "annotation",
      "priority" : 1,
      "noSpelling" : false,
      "noMorph" : false,
      "phoneticSearch" : false,
      "fuzzySearch" : false,
      "client" : false
    },
    "records" : [ ]
  } ],
  "enabledSystemEntities" : [ "duckling.number", "duckling.time", "duckling.duration", "duckling.phone-number", "duckling.email", "duckling.url" ]
}